{
  "aggregations": {
    "Start Sulfur": {
      "buckets": [
        {
          "key": "0.01-0.02",
          "from": 0.01,
          "to": 0.02,
          "doc_count": 8,
          "Hot Metal Start Temp": {
            "count": 8,
            "min": 1353,
            "max": 1438,
            "avg": 1393.75,
            "sum": 11150
          },
          "RATIO": {
            "count": 8,
            "min": 2.2300000190734863,
            "max": 4.059999942779541,
            "avg": 2.7249999344348907,
            "sum": 21.799999475479126
          },
          "MG Kg/T": {
            "count": 8,
            "min": 0.6234999895095825,
            "max": 0.6837000250816345,
            "avg": 0.6514750048518181,
            "sum": 5.211800038814545
          },
          "Actual Mg": {
            "count": 8,
            "min": 130,
            "max": 144,
            "avg": 136.375,
            "sum": 1091
          },
          "Final Sulfur": {
            "count": 8,
            "min": 0.0010000000474974513,
            "max": 0.003000000026077032,
            "avg": 0.0021250000718282536,
            "sum": 0.01700000057462603,
            "sum_of_squares": 0.00003900000230781739,
            "variance": 3.5937498320709097e-7,
            "std_deviation": 0.0005994789264078354,
            "std_deviation_bounds": {
              "upper": 0.0033239579246439246,
              "lower": 0.0009260422190125828
            }
          },
          "Start Sulfur": {
            "count": 8,
            "min": 0.014000000432133675,
            "max": 0.019999999552965164,
            "avg": 0.017374999937601388,
            "sum": 0.1389999995008111
          },
          "HM WGT TONS": {
            "count": 8,
            "min": 202,
            "max": 217,
            "avg": 209.625,
            "sum": 1677,
            "sum_of_squares": 351753,
            "variance": 26.484375,
            "std_deviation": 5.146297212559725,
            "std_deviation_bounds": {
              "upper": 219.91759442511946,
              "lower": 199.33240557488054
            }
          }
        },
        {
          "key": "0.02-0.03",
          "from": 0.02,
          "to": 0.03,
          "doc_count": 7,
          "Hot Metal Start Temp": {
            "count": 7,
            "min": 1278,
            "max": 1420,
            "avg": 1368.5714285714287,
            "sum": 9580
          },
          "RATIO": {
            "count": 7,
            "min": 2.299999952316284,
            "max": 2.859999895095825,
            "avg": 2.638571398598807,
            "sum": 18.46999979019165
          },
          "MG Kg/T": {
            "count": 7,
            "min": 0.6944000124931335,
            "max": 1.0362000465393066,
            "avg": 0.814842871257237,
            "sum": 5.703900098800659
          },
          "Actual Mg": {
            "count": 7,
            "min": 150,
            "max": 230,
            "avg": 177,
            "sum": 1239
          },
          "Final Sulfur": {
            "count": 7,
            "min": 0.0010000000474974513,
            "max": 0.003000000026077032,
            "avg": 0.0020000000783641425,
            "sum": 0.014000000548548996,
            "sum_of_squares": 0.000030000002151355195,
            "variance": 2.857142795941669e-7,
            "std_deviation": 0.0005345224781000018,
            "std_deviation_bounds": {
              "upper": 0.003069045034564146,
              "lower": 0.0009309551221641389
            }
          },
          "Start Sulfur": {
            "count": 7,
            "min": 0.02199999988079071,
            "max": 0.028999999165534973,
            "avg": 0.02585714283798422,
            "sum": 0.18099999986588955
          },
          "HM WGT TONS": {
            "count": 7,
            "min": 212,
            "max": 227,
            "avg": 216.71428571428572,
            "sum": 1517,
            "sum_of_squares": 328917,
            "variance": 23.061224489797105,
            "std_deviation": 4.802210375420584,
            "std_deviation_bounds": {
              "upper": 226.3187064651269,
              "lower": 207.10986496344455
            }
          }
        },
        {
          "key": "0.03-0.04",
          "from": 0.03,
          "to": 0.04,
          "doc_count": 6,
          "Hot Metal Start Temp": {
            "count": 7,
            "min": 1278,
            "max": 1420,
            "avg": 1368.5714285714287,
            "sum": 9580
          },
          "RATIO": {
            "count": 7,
            "min": 2.299999952316284,
            "max": 2.859999895095825,
            "avg": 2.638571398598807,
            "sum": 18.46999979019165
          },
          "MG Kg/T": {
            "count": 6,
            "min": 0.6944000124931335,
            "max": 1.0362000465393066,
            "avg": 0.74842871257237,
            "sum": 5.703900098800659
          },
          "Actual Mg": {
            "count": 6,
            "min": 150,
            "max": 230,
            "avg": 165,
            "sum": 1239
          },
          "Final Sulfur": {
            "count": 7,
            "min": 0.0010000000474974513,
            "max": 0.003000000026077032,
            "avg": 0.0020000000783641425,
            "sum": 0.014000000548548996,
            "sum_of_squares": 0.000030000002151355195,
            "variance": 2.857142795941669e-7,
            "std_deviation": 0.0005345224781000018,
            "std_deviation_bounds": {
              "upper": 0.003069045034564146,
              "lower": 0.0009309551221641389
            }
          },
          "Start Sulfur": {
            "count": 7,
            "min": 0.02199999988079071,
            "max": 0.028999999165534973,
            "avg": 0.02585714283798422,
            "sum": 0.18099999986588955
          },
          "HM WGT TONS": {
            "count": 6,
            "min": 212,
            "max": 227,
            "avg": 213.71428571428572,
            "sum": 1560,
            "sum_of_squares": 328917,
            "variance": 23.061224489797105,
            "std_deviation": 4.802210375420584,
            "std_deviation_bounds": {
              "upper": 226.3187064651269,
              "lower": 207.10986496344455
            }
          }
        },
        {
          "key": "0.04-0.05",
          "from": 0.04,
          "to": 0.05,
          "doc_count": 5,
          "Hot Metal Start Temp": {
            "count": 7,
            "min": 1278,
            "max": 1420,
            "avg": 1368.5714285714287,
            "sum": 9580
          },
          "RATIO": {
            "count": 7,
            "min": 2.299999952316284,
            "max": 2.859999895095825,
            "avg": 2.638571398598807,
            "sum": 18.46999979019165
          },
          "MG Kg/T": {
            "count": 5,
            "min": 0.6944000124931335,
            "max": 1.0362000465393066,
            "avg": 0.74842871257237,
            "sum": 5.703900098800659
          },
          "Actual Mg": {
            "count": 5,
            "min": 150,
            "max": 230,
            "avg": 155,
            "sum": 1239
          },
          "Final Sulfur": {
            "count": 7,
            "min": 0.0010000000474974513,
            "max": 0.003000000026077032,
            "avg": 0.0020000000783641425,
            "sum": 0.014000000548548996,
            "sum_of_squares": 0.000030000002151355195,
            "variance": 2.857142795941669e-7,
            "std_deviation": 0.0005345224781000018,
            "std_deviation_bounds": {
              "upper": 0.003069045034564146,
              "lower": 0.0009309551221641389
            }
          },
          "Start Sulfur": {
            "count": 7,
            "min": 0.02199999988079071,
            "max": 0.028999999165534973,
            "avg": 0.02585714283798422,
            "sum": 0.18099999986588955
          },
          "HM WGT TONS": {
            "count": 5,
            "min": 212,